run_id,name,state,peak_jk,peak_step_B,final_jk,mean_top10pct,mean_last5pct,mean_last20pct,stability_score,collapse_ratio,n_samples,env/w_damage_taken,env/shape_safespot_attack_reward,env/w_jad_damage,env/w_jad_kill,env/w_correct_jad_prayer,env/shape_jad_heal_penalty,env/w_correct_danger_prayer,env/w_player_death,train/ent_coef
yp8zbwig,celestial-capybara-204,crashed,0.0,0.004194304,0.0,0.0,0.0,0.0,0.0,0.0,90,,,,,,,,,
47kearhn,fragrant-terrain-205,finished,0.02083333395421505,2.038431744,0.012048192322254181,0.00660149783389755,0.0028326829828052634,0.0012550047352663926,0.06024022260595763,0.42168676552591206,1668,-1.5,2.3,2.0,150.0,2.0,-0.1,0.05,-11.0,0.01
qyef7cqr,faithful-brook-206,finished,0.02083333395421505,2.038431744,0.012048192322254181,0.006601408376436995,0.0028326829828052634,0.0012550047352663926,0.06024022260595763,0.42168676552591206,1668,-1.5,2.3,2.0,150.0,2.0,-0.1,0.05,-11.0,0.01
xs3ijxht,glad-waterfall-207,finished,0.0,0.004194304,0.0,0.0,0.0,0.0,0.0,0.0,1668,-1.5685420017689466,5.4949811371043324,2.2659047544002533,1268.0131431668997,4.759434640407562,-1.984457832202315,0.42296400165651,-12.200505612418056,0.01687799500024673
5oz89024,fearless-firefly-208,finished,0.004878048785030842,3.263168512,0.0,0.00024762168436883445,4.688012750303171e-05,0.00011243902680998271,0.023049995749330345,0.9999997950000421,1668,-2.370321831665933,2.6464614532887936,5.051662269979715,1935.0124455988407,1.4085805900394917,-4.47049546521157,0.2778125780168921,-5.911797219887376,0.021128688861549727
r0i7dyqu,pious-music-209,finished,0.0,0.004194304,0.0,0.0,0.0,0.0,0.0,0.0,1668,-1.8090819381177425,4.39447142649442,3.2223677150905132,2409.5089431852102,2.921352319419384,-0.711027104686945,0.17070892564952372,-8.45137813128531,0.04975606908650177
4u8dkeia,unique-cosmos-210,finished,0.013201320543885231,2.384461824,0.0,0.0024322165184687957,0.0,0.00012472165362523483,0.009447664251690401,0.9999999242500082,1668,-2.001363799907267,3.4640731252729893,5.595199130475521,786.4768125116825,3.254628013819456,-3.043940905947238,0.695460427715443,-14.661906687542796,0.009015129629572686
pged8ydq,drawn-paper-211,finished,0.043478261679410934,3.120562176,0.02500000037252903,0.019959908034876888,0.010716107135346854,0.012114629617895003,0.2786364696129376,0.4249999923670422,1668,-1.9458989659324288,3.0590231334790587,6.409404994919896,926.1610075831413,4.026061501353979,-1.0663313359953461,0.15652979754377155,-8.88180747628212,0.010556427081858234
1jqyd9fs,faithful-fog-212,finished,0.0,0.004194304,0.0,0.0,0.0,0.0,0.0,0.0,1668,-2.2397605143487453,5.0822063107043505,3.907792879268527,2269.934383407235,1.6732333078980446,-3.5523689872585233,0.6286190362181514,-12.98300152644515,0.0338152718683796
h5pnm0ka,firm-dawn-213,finished,0.0,0.004194304,0.0,0.0,0.0,0.0,0.0,0.0,1668,-1.6745971953496337,3.830766840837896,4.330688616260886,1626.4681860804558,2.1840213872492313,-1.6291675286367533,0.5636206624098122,-10.129409041255713,0.02853615384744996
rotue6ob,decent-deluge-214,finished,0.0,0.004194304,0.0,0.0,0.0,0.0,0.0,0.0,1668,-2.3904567044228315,4.027930775657296,1.4865094367414713,1576.6670379787683,3.523177459836006,-3.9620813481509685,0.386921287025325,-6.731366217136383,0.015710100414406018
pjudfaum,graceful-haze-215,finished,0.07630521804094315,3.374317568,0.0476190485060215,0.04102406706885401,0.04964467322072351,0.02429225121823338,0.318356352600192,0.37593980982519015,1668,-1.8245991636067629,3.6345515474677086,3.5047801788896322,2044.520697928965,3.0884599685668945,-0.9863531346432861,0.0943809217074886,-9.618239402770996,0.01295141361526139
7n2kd76b,fragrant-tree-216,finished,0.0,0.004194304,0.0,0.0,0.0,0.0,0.0,0.0,1668,-2.1108160568401217,4.225473561324179,6.625284532085061,1152.3437527939677,2.7357122786343098,-3.323751851636916,0.6030583998654038,-13.485203888267279,0.027537902407577357
55jfe8na,zany-firefly-217,finished,0.1428571492433548,1.455423488,0.014598540030419827,0.05406753128641341,0.016125719287399067,0.030217916162141988,0.21152540219839375,0.8978102180706289,1668,-2.0434179492726052,3.0929866680149836,4.821964225947511,2386.4332559056775,3.9673280365471024,-0.09999999999999964,0.17400546212201878,-11.477349962554019,0.011756429237462864
zkmy30mi,iconic-microwave-218,finished,0.25357142090797424,2.573205504,0.03125,0.13090802159115492,0.020382154110190738,0.03988892816820996,0.15730845324788367,0.8767605561980828,1668,-1.6943783961807939,3.6043532061638235,4.837473837175686,2311.811408574449,3.9670987868664422,-0.7450061738170737,0.08064108900947115,-7.977050866663115,0.008299754377583665
itiz1dt7,different-feather-219,finished,0.07518796622753143,2.210398208,0.0,0.023713449537978475,9.464786432863e-05,0.0002542756555193627,0.0033818663397280286,0.9999999866999996,1668,-1.5684120092546792,3.654748993466016,5.787078924200451,2374.5623653134944,4.75441549358675,-0.09999999999999964,0.075,-8.293964152049789,0.008000000000000004
5lt2u1im,wandering-sun-220,finished,0.33725491166114807,2.503999488,0.0,0.12905652282467808,0.0,0.008165187161141733,0.024210728604999104,0.9999999970348837,1669,-1.9400110937020698,4.234611314413631,2.3609309711685604,2123.753219061029,2.3789866078955697,-1.1539865165952943,0.075,-10.391387711827827,0.009788453704828021
sl5uwujl,bumbling-blaze-221,finished,0.02888086624443531,3.28204288,0.02777777798473835,0.012242019067080804,0.01056609847246254,0.007208046890017731,0.2495786164941622,0.03819442990963163,1668,-1.704143058554998,2.9342524796639258,3.472087241039798,1940.643236334009,3.3528759566525377,-1.5743475137246121,0.11785432001156626,-8.874285435736894,0.013837445790693993
05m45997,lemon-feather-222,finished,0.014234875328838825,2.350907392,0.0,0.00177289715530463,4.633920300886574e-05,0.0001432507224772517,0.01006336262908278,0.9999999297500044,1668,-1.7786429469891807,3.014057040163208,4.515626051099783,2134.40783873511,3.122173566508421,-1.0423270454383964,0.075,-8.415727709923727,0.008000000000000004
5am4w63t,rare-music-223,finished,0.06530611962080002,2.152726528,0.0,0.032705336374169336,0.0015627880249711045,0.00897112445666003,0.13737034708815216,0.9999999846874996,1671,-1.7640584990045265,3.406821533209709,3.378798283774537,2129.105247058075,4.057718260396292,-0.4869248212617423,0.075,-10.094207971826524,0.009671114589476068
14aavsrf,comfy-meadow-224,finished,0.024793388321995735,2.982150144,0.0,0.008568392272572965,0.0009769284073263406,0.001850402217824012,0.07463288676640942,0.9999999596666681,2000,-1.7795147309743324,3.31532627206131,3.5092367231142707,1720.4334905038331,3.1569313583241625,-0.9039356937115075,0.075,-9.319154443366621,0.010920645020427189
4ckrfb6x,drawn-violet-225,finished,0.008810572326183319,3.443523584,0.0,0.0005613884162705611,0.0003771688268684289,0.00027987105796479584,0.03176536277532283,0.9999998865000083,1708,-1.9383272917412222,3.0777475974699273,4.7789330253500655,2334.4466302725873,3.2320439000765524,-1.5534988346267742,0.075,-7.437575795194294,0.018216168022063935
t6j7c92n,daily-morning-226,finished,0.06225680932402611,3.273654272,0.01550387591123581,0.03628256669390701,0.025772983171831233,0.025706686356947006,0.4129136430721749,0.7509689810553535,1672,-1.8626927766860653,3.8633104506540645,3.3172630471269158,2139.038230777216,3.2103924882751658,-1.3253775598106285,0.075,-9.990006258653704,0.016179530554961703
tby7zg28,hardy-microwave-227,finished,0.04823151230812073,3.401580544,0.0,0.01296493708554386,0.018852509325370193,0.0064213239726283265,0.13313544469580577,0.9999999792666676,1669,-1.7359912996237543,3.7034356616591637,4.115605856207175,1871.361437354977,2.91509539065599,-0.5845692660574189,0.12226346103748226,-9.523117802155634,0.012823314712134746
a2c423lu,wise-armadillo-228,finished,0.022727273404598236,2.743074816,0.0,0.0058320701789918794,0.003241144432069128,0.002182154379248082,0.09601478560080146,0.9999999560000032,1668,-1.9320777179798998,3.3550910478538816,2.976936539981963,1767.903890382544,3.4926440865431827,-1.027456542617867,0.075,-8.532028959874811,0.011536881874513356
39m0p9xt,deft-dust-229,finished,0.1428571492433548,3.403677696,0.09448818862438202,0.06637186934632888,0.08517856469534967,0.03444667085837405,0.24112668354152883,0.338582706826904,1668,-1.7453441334212787,3.84366026224305,4.307105023077882,2110.1007387250265,3.5862832266971836,-1.7844932419911061,0.075,-10.235936526393768,0.014603617336536765
ia6s7347,charmed-universe-230,finished,0.011904762126505375,1.505755136,0.0,0.0021191666432914427,0.0,0.00020382941110400825,0.017121668775600583,0.9999999160000087,1668,-1.6334197655326501,3.7543098020595194,4.707636898854954,2231.2861399598096,3.9569837899992866,-2.838919435563829,0.075,-12.48118497590692,0.012608445304948321
mvk1kfxy,royal-waterfall-231,finished,0.024054983630776405,3.321888768,0.0,0.01010417842014457,0.005509767546711198,0.005603590789992172,0.23294925671342276,0.9999999584285746,1668,-1.7212817456492353,3.76513994621539,4.21793346936572,1808.759300116717,3.32708857018348,-1.7541132575593146,0.075,-10.846541677034114,0.013579452257962579
gbet14e4,decent-yogurt-232,finished,0.0,0.004194304,0.0,0.0,0.0,0.0,0.0,0.0,1668,-1.6990710966748401,3.8692630518984013,4.102603584786804,1936.6013986566147,3.8271279861892027,-1.737657186349855,0.075,-10.430999078059376,0.018777578388020223
3whkoqcr,volcanic-dust-233,finished,0.0456431545317173,3.492806656,0.007874015718698502,0.023609069527355496,0.015948284170534236,0.01244395942577791,0.27263582635364986,0.8274874594674579,1671,-1.7721146997520816,3.7144299831468586,4.95946581824053,2306.2085527309873,3.9659637271541195,-0.9822659449684439,0.12751584717530318,-9.524556523431603,0.014046034694436786
ybainb78,dark-cosmos-234,finished,0.04330708831548691,1.379926016,0.0,0.01298580943965858,0.002015959754788193,0.0009578088936102283,0.02211667670927285,0.9999999769090924,1668,-1.8473150529643916,3.895467947813688,3.7760127364395495,2429.441868045543,3.9643964583081495,-1.8922032927132393,0.075,-8.765670590026598,0.013717124626138244
04vr4co4,honest-dew-235,finished,0.006172839552164078,1.974468608,0.0,0.00010212554741360827,0.0,0.0,0.0,0.9999998380000273,1679,-1.6658396431682463,3.720386946288994,4.917709210731948,1960.5790759785389,3.5728284431746133,-2.1175320694988256,0.075,-9.39238987858417,0.011008078692407728
6x5g05bg,wandering-snow-236,finished,0.0,0.004194304,0.0,0.0,0.0,0.0,0.0,0.0,1671,-1.9726262817088078,3.4868088633134424,4.082487214694329,1987.736989643028,2.97402660796397,-1.0432507144517342,0.08935517316169553,-11.9008046398909,0.022657599846401807
u0wwg7lp,summer-pyramid-237,finished,0.18220339715480804,3.338665984,0.058394160121679306,0.09676933028252728,0.08212703843432737,0.06569690103628659,0.36056902177240185,0.6795111303463998,1668,-1.8078808482233688,3.400577583791513,4.8070565378814365,2222.7688603820243,3.0924685119924398,-1.3846365351805825,0.075,-9.890454237724907,0.013005668305146637
wk5elrda,silver-pyramid-238,finished,0.036101084202528,3.146776576,0.017543859779834747,0.010424555798274386,0.0037872373485511326,0.005861024658948004,0.16235037329397461,0.5140350856099409,1669,-1.7182353001570432,3.5969211955011855,5.069510278911336,2389.9846430995694,3.073933179785535,-0.7496668528451345,0.075,-10.048626393741907,0.014679483581164412
blnfiok3,solar-puddle-239,finished,0.03947368264198303,3.451912192,0.0,0.01234377277397876,0.011241341873734113,0.006794557373204433,0.1721287892670332,0.9999999746666663,1668,-1.81364007699736,3.663323758035936,5.664999505164081,2139.9584457304236,2.749026453961039,-1.6976195285594309,0.075,-10.535426172280168,0.016485915612671716
h4ls5hin,desert-universe-240,finished,0.008438818156719208,3.256877056,0.0,0.0013706973603296424,0.0007595941873199968,0.0006430128458218125,0.0761970168906664,0.9999998815000084,1672,-1.6731651488045685,3.2633689820977025,3.278679194283804,2193.5717524137726,3.5614562523255646,-1.295110079838758,0.14947058617447756,-8.802428164432579,0.014771687622894946
r02jqail,dauntless-sky-241,finished,0.013888888992369175,3.41311488,0.0,0.0018255792817513565,0.0009695856596331999,0.00047087205170806665,0.033902785029384847,0.9999999280000058,1676,-1.7228223503313804,3.3105232657344303,5.806249574076187,2226.510583334838,3.340852183558108,-1.958654899553704,0.075,-11.036952254546247,0.011884396136504985
k2fliqry,olive-aardvark-242,finished,0.02222222276031971,1.451229184,0.0,0.007351571702432022,0.0005027464596577078,0.00032888029634885424,0.014799612311352349,0.9999999550000032,1669,-1.8651906421083628,3.8547031183932,5.285418308337799,2077.0155382663643,3.063865940328415,-0.09999999999999964,0.075,-6.747400275507404,0.012517731962971164
fe14eexe,fiery-frog-243,finished,0.06737588346004486,1.963982848,0.0,0.02625896995665417,0.005101797326157491,0.008353552017609647,0.12398430216620691,0.9999999851578943,1689,-1.8783972401305005,3.1691551173557047,3.8436265554281412,2125.21565375298,3.2752880586044038,-1.4781331915346874,0.07770678551796376,-10.721979682068966,0.013204931106626057
8htlj8a2,autumn-flower-244,finished,0.011952191591262817,1.553989632,0.0,0.002385881143139608,8.31156924187419e-05,0.00017743910223737852,0.01484573653599662,0.9999999163333428,1668,-1.8499889778347065,3.863447840964011,3.548772572717475,2097.94018081147,3.406385186363827,-1.4295080777847504,0.075,-9.244376209156957,0.011513274461301539
zrqb974z,clean-meadow-245,finished,0.014184396713972092,1.251999744,0.0,0.001835055678558653,0.00031743359651012596,0.00036446614508812655,0.025694862230852114,0.9999999295000028,1672,-1.6129755684361151,3.8581386565140603,5.3413571809566,2075.4777313030136,3.1671322045420878,-1.7273598637826435,0.075,-10.270009438124339,0.014150175968509801
hpx56tyz,proud-music-246,finished,0.030534351244568825,3.328180224,0.010309278033673763,0.014987613209130534,0.009741860035111207,0.006819135282194248,0.223326672449951,0.6623711238050748,1668,-1.857026161623106,3.181536938443706,4.475264491248282,2180.0222913745,3.664838335135272,-1.605137812267532,0.075,-9.75340236626504,0.013396399802968886
7nbhgpvn,generous-sound-247,finished,0.021739130839705467,2.787115008,0.0,0.0054403164912104965,0.0010771997362734325,0.0014620509212584915,0.0672543380314814,0.999999954000003,1668,-1.748049182847998,3.2881996950367234,5.47407616515995,2256.75670289349,3.3977834498502357,-1.4073021041424183,0.075,-11.108836855698359,0.013901246233093672
z5npt2l3,cerulean-valley-248,finished,0.0039840638637542725,0.878706688,0.0,0.00023687184609829667,0.0,0.0,0.0,0.9999997490000704,1673,-1.7429358454020525,3.4078361877801133,3.9937200345572665,2272.5185248236244,3.0525762733880697,-1.317170874212715,0.07935804328320722,-8.84040096010186,0.011984115356614648
i3lwdp8p,warm-aardvark-249,finished,0.006968641187995672,1.29499136,0.0,6.0499624856664035e-05,0.0,0.0,0.0,0.9999998565000221,1679,-1.8731400943728898,3.9027744160888562,4.262796592870492,2186.635524417572,3.5914306918469086,-1.5053500804029514,0.1097067867320655,-9.893214159282564,0.012583304614235338
srh4mkp9,vital-bee-250,finished,0.09454545378684998,3.393191936,0.013605441898107529,0.03394658391150725,0.040008303131459345,0.01708638905715365,0.18072142225847268,0.8560962774066653,1668,-1.7927215185724508,3.7072163803756206,4.840816007064556,2325.9920317068063,3.6179984334616178,-1.9641408469684927,0.075,-9.15093012483296,0.01464838397120961
pninbk5e,quiet-durian-251,finished,0.01858736015856266,3.493855232,0.007246376946568489,0.00185549357788166,0.003515563097344824,0.0009175091422534919,0.04936199035605557,0.6101448782991827,1668,-1.6761726341850502,3.188921762252974,4.841655470002545,1848.5855658093112,3.463988313681869,-0.8709222789687452,0.075,-10.25123475978018,0.014891155055063585
uvvrepg6,rare-wood-252,finished,0.008438818156719208,1.398800384,0.0,0.0017722555301544897,0.0,0.0,0.0,0.9999998815000084,1668,-1.84475941578321,3.3287580320192522,6.1477512701722254,1401.998077411651,4.12022343079413,-0.09999999999999964,0.075,-8.700003491537156,0.01035713642074769
jpku9zgf,olive-morning-253,finished,0.0,0.004194304,0.0,0.0,0.0,0.0,0.0,0.0,1668,-1.6967937762700718,3.2762936161595064,4.031618106713313,2067.6624515176472,3.198169493383671,-1.0651575515361715,0.08792828921562751,-9.655130877529794,0.01705764741021459
ny1jovhr,dauntless-yogurt-254,finished,0.0037878789007663727,3.405774848,0.0,2.281854759497815e-05,4.56370951899563e-05,1.1375011714013132e-05,0.0030030022102104435,0.9999997360000776,1668,-1.6922426607352496,3.4402497521495765,4.560843365679383,2078.830485913669,3.372507502860719,-1.547520411466543,0.075,-9.930270158944435,0.016066559386868153
m7i9c78h,youthful-shadow-255,finished,0.03780068829655647,1.344274432,0.0,0.013578129901427281,4.333882390644895e-05,0.00010574435362139263,0.0027974186605910813,0.999999973545456,1669,-1.768888104525705,4.259975849014939,3.9834846754767357,2269.401961444849,3.376225101092576,-1.963188372194339,0.075,-10.551416853715098,0.012295855273389989
5xq0vccb,silvery-flower-256,finished,0.0036764706019312143,3.053453312,0.0,0.000119675815239281,0.0,4.008481654324638e-05,0.010903067093511676,0.999999728000075,1678,-1.8179832514569263,3.6455649383384534,4.8580554086088465,2500.0,3.3433499905261868,-1.460729514329369,0.075,-9.202542129602715,0.011292367219704847
4jd8ivr8,snowy-sponge-257,finished,0.20600858330726624,3.493855232,0.16981132328510284,0.06926984651889427,0.08031179121953536,0.0458044400151998,0.22234238524197367,0.1757075324986186,1668,-1.6758963028153657,2.5,2.7533362517909463,700.0,2.743957371726383,-0.09999999999999964,0.075,-11.03047725722351,0.013897092341047296
dlowimne,desert-haze-258,finished,0.1679389327764511,2.33832448,0.0078125,0.08985317130404782,0.0041091871189783856,0.030808719565851374,0.1834519183434965,0.9534801083684414,1668,-1.752529324980419,2.5,2.1374701009699404,700.0,3.184907721366603,-0.09999999999999964,0.075,-13.31389050202582,0.009811118022052178
n89g743y,electric-pond-259,finished,0.1557970941066742,2.758803456,0.056910570710897446,0.0934397978429309,0.07619803546961532,0.05878825861302589,0.37733860552902865,0.6347135248450505,1672,-1.790609259164523,2.5,3.2302479012115994,747.1662523655992,2.1953244211462017,-0.09999999999999964,0.075,-14.828719506229655,0.013615811012606805
hkv4x52i,misty-armadillo-260,finished,0.0039840638637542725,3.322937344,0.0,0.0003489291972988201,0.00026548846837985945,0.00017446459864941006,0.043790601964499194,0.9999997490000704,1670,-1.6367279385573197,2.5098705754958415,3.2372926250825973,700.0,2.504678646576832,-0.09999999999999964,0.075,-12.839339294397252,0.01716352200000095
1dkyldgr,sparkling-shadow-261,finished,0.0,0.004194304,0.0,0.0,0.0,0.0,0.0,0.0,1680,-1.5779561455739004,2.5,1.2898070223272753,700.0,2.9761800638219276,-0.09999999999999964,0.17383698815977922,-10.495921109286755,0.019477329011061605
3ytyplhu,woven-puddle-262,finished,0.0357142873108387,2.447376384,0.007575757801532745,0.013762976533096088,0.010808600488064044,0.006377097958449068,0.17855872985473223,0.7878787689790355,1718,-1.782368446456588,2.5,3.774484482585576,700.0,1.7519461056829493,-0.4545292840601416,0.075,-15.0,0.01036182277515539
41qfp8pz,lucky-serenity-263,finished,0.06751054525375366,1.43654912,0.056910570710897446,0.03490346626651858,0.02537940392910267,0.011484615293521055,0.1701158697539423,0.15701212819422042,1674,-1.9246787451620424,2.5,3.094446540659129,700.0,2.674803341275377,-0.09999999999999964,0.075,-12.373103772514167,0.014278139353236387
d1tvjphv,sage-night-264,finished,0.052000001072883606,2.733637632,0.006849315017461777,0.019395059220002082,0.00012350211436130913,0.005992322049534588,0.11523695789734206,0.8682823895302596,1676,-2.018556613078916,2.5,3.5290207975278336,700.0,2.6235578367994856,-0.12649208091444653,0.075,-13.270038624290141,0.01732288494410652
jihj4a51,wise-serenity-265,finished,0.022304832935333252,3.42360064,0.0,0.004372965495665362,0.004699483516637281,0.0016651613509539001,0.07465472981245136,0.9999999551666692,1671,-1.8192010153685225,2.5,3.63898763247946,700.0,2.745495037631049,-0.09999999999999964,0.075,-11.555797641420439,0.015003109975763365
2ju3tir1,light-planet-266,finished,0.007633587811142206,1.91889408,0.0,0.001503706591327237,0.0,0.0002640583076970176,0.0345916336640494,0.9999998690000176,1668,-1.8068340424933107,2.5,3.3289994459479475,714.5076539881444,2.4756847365678216,-0.09999999999999964,0.075,-14.753123616141623,0.009456932586615825
t8ncfki9,lyric-vortex-267,finished,0.01123595517128706,3.437232128,0.0,0.0018018717294793108,0.001764371253392962,0.0005959681617513077,0.05304116113182031,0.9999999110000088,1678,-1.723534383612647,2.709074926080509,2.9828288489370625,700.0,2.689944758442153,-0.09999999999999964,0.075,-10.485584709573207,0.012814036372131894
ufseck8l,sparkling-snowball-268,finished,0.036764707416296005,3.473932288,0.014492753893136978,0.009059121520875627,0.015150080866977033,0.004515958475871934,0.12283406207759368,0.6057970940764201,1669,-1.6671014506555437,2.5,2.825943251473679,700.0,2.6298705856808655,-0.09999999999999964,0.075,-12.739480883198029,0.016156256349139028
by6vs1me,balmy-water-269,finished,0.003759398590773344,3.060793344,0.0,4.1165648440936366e-05,0.0,2.0521382954138428e-05,0.005458686276527733,0.9999997340000775,1677,-1.6889815194800166,2.5,1.9395079479650486,700.0,1.8965274953214244,-0.09999999999999964,0.075,-8.980138423218875,0.02157585664233865
fmwgl0y6,dashing-tree-270,finished,0.18039216101169586,3.191865344,0.051094889640808105,0.09075756364288819,0.03465695032872349,0.06513799414284774,0.36109104418086896,0.7167565925758164,1669,-1.5,2.5,2.8362327110493544,700.0,3.7131273706769066,-0.09999999999999964,0.075,-9.052796064085403,0.01516800885044788
f48rrhmt,revived-blaze-271,finished,0.05000000074505806,1.282408448,0.0,0.011280714119055185,0.0,0.0,0.0,0.9999999800000007,1668,-1.543833679095337,2.5,2.1501920190405337,700.0,3.6487749934022524,-0.09999999999999964,0.16798309833802227,-10.368173557626491,0.013389760470761822
gtn9bw97,sparkling-sun-272,finished,0.006849315017461777,3.148873728,0.0,0.0011875397026605771,7.328462326921613e-05,0.00045576858861249187,0.06654220471803998,0.9999998540000202,1670,-1.6726444315583584,2.5,2.5894844675123014,700.0,3.1689798554708077,-0.09999999999999964,0.075,-11.707599724394509,0.013166560152612902
mqmyqwhi,sage-firefly-273,finished,0.08896797150373459,3.485466624,0.0069444444961845875,0.03057475490662866,0.034648929313049616,0.011112918961904387,0.12490920776505166,0.9219444334769674,1675,-1.7676470712629506,2.5,2.8135577568838053,700.0,2.9995164258759868,-0.09999999999999964,0.075,-11.79156458083076,0.01514754665319353
h5ppjk9x,dazzling-blaze-274,finished,0.07083333283662796,2.276458496,0.0,0.03359115052365971,0.01532935228827129,0.013878142065926271,0.19592671012683402,0.9999999858823531,1673,-1.7056086644594972,2.5,3.015670802120299,700.0,2.969785317765002,-0.33447877810051896,0.075,-11.627022880543256,0.013664600843829073
0y1h8xad,hardy-hill-275,finished,0.02671755664050579,3.383754752,0.007042253389954567,0.009479624361446696,0.008751979064061699,0.0052684432952039275,0.19719030332385543,0.7364184823811145,1678,-1.7597592057077749,2.5,3.1753083718844173,700.0,3.3379494114172807,-0.09999999999999964,0.075,-9.35333316967608,0.017525135399321854
8mkn4lk4,cool-yogurt-276,finished,0.031128404662013054,1.888485376,0.0,0.008505898976731978,0.0,9.536979469790388e-06,0.0003063754556960383,0.999999967875001,1679,-1.5835308196638858,2.5,2.7705762242622933,700.0,2.1731392702782166,-0.09999999999999964,0.1765476426222506,-9.775097010833377,0.008000000000000004
asq7fgl5,spring-puddle-277,finished,0.03461538627743721,2.678063104,0.0,0.0066856124553358156,0.00022119452548493822,0.0005870438362653549,0.01695904285456307,0.9999999711111134,1668,-1.6663526875349242,2.5,3.8829080194531107,712.6356843202984,3.023108072298763,-0.09999999999999964,0.075,-13.109160472413938,0.013020345657334153
vuzi8bth,pious-bird-278,finished,0.0,0.004194304,0.0,0.0,0.0,0.0,0.0,0.0,1668,-1.933435918794425,2.5,2.3046076189515268,700.0,2.6835818600316212,-0.46667611910558726,0.075,-13.583262681574844,0.019349176197170095
564crrac,logical-galaxy-279,finished,0.007042253389954567,2.98319872,0.0,0.00011307444886310015,0.0,5.6368456597426047e-05,0.008004319849313156,0.9999998580000174,1678,-1.5969182636996477,2.5,3.1932918932168377,700.0,3.169567292554799,-0.10206010755793926,0.075,-9.790860805296298,0.020460061224069438
ydxr3lfm,fanciful-valley-280,finished,0.1088709682226181,2.943352832,0.0615384615957737,0.07303349294486534,0.04428803810782461,0.040081827895011045,0.36815900676930857,0.4347578327337147,1668,-1.918237910482214,2.5,1.4720162141019304,700.0,3.063421767594133,-0.09999999999999964,0.075,-12.559612764154137,0.011136063410688304
8oe26mgf,worldly-glade-281,finished,0.08914728462696075,3.490709504,0.05042016878724098,0.030966741127703718,0.035740114310868536,0.015511630712952576,0.17400003380766316,0.4344172182849677,1671,-1.9984931194238515,2.5,1.826935625089825,700.0,3.887419926636688,-0.09999999999999964,0.075,-12.997934851344684,0.008516001128496294
vzzwgqcn,dauntless-energy-282,finished,0.25106382369995117,2.770337792,0.0416666679084301,0.166963860481799,0.10278775682111821,0.11428930255734993,0.45522011263047624,0.8340395357306997,1671,-2.1631935285894275,2.5,1.0,965.1454428849931,4.192505447084451,-0.09999999999999964,0.075,-15.0,0.008000000000000004
qloebsrs,amber-water-283,finished,0.01123595517128706,2.413821952,0.0,0.0016267268121781119,0.0,0.0,0.0,0.9999999110000088,1668,-1.9840975115075707,3.779765318147838,3.3476750273257494,1666.2615295499563,2.6667725555598736,-3.022282380517572,0.6102489569457248,-6.245975298807025,0.016777914172244703
zpix9lfz,atomic-field-284,finished,0.0,0.004194304,0.0,0.0,0.0,0.0,0.0,0.0,1668,-2.4255934730172157,4.756494700908661,5.591360107064247,1510.371063835919,3.081364933401346,-1.3174364233389495,0.3060555618954823,-12.347531504929066,0.027445598168908257
tnuny9xj,magic-frost-285,finished,0.0,0.004194304,0.0,0.0,0.0,0.0,0.0,0.0,1668,-1.6668464299291372,2.7521614097058773,1.5219010394066572,890.0066170841455,4.939333520829678,-4.7924749386496845,0.12433280549012124,-14.424871960654855,0.03696670274956124
ueqcfsed,wild-field-286,finished,0.010909090749919415,3.217031168,0.0,0.0021923867295429644,0.0008257817632208267,0.000819873551206131,0.07515506973458055,0.9999999083333404,1681,-2.240845891647041,4.659067339263856,5.161228898912668,2283.1807324662805,1.3051437884569168,-1.671782853081822,0.45447620814666156,-8.231735620647669,0.009956367103736418
piez9f73,resilient-butterfly-287,finished,0.011811023578047752,2.822766592,0.0,0.0029427878017234334,0.00018166681942361664,0.00022914779635409155,0.019401178520954993,0.9999999153333402,1668,-1.5986702861264348,5.195727521553636,4.388622475787997,2186.798441596329,2.437054503709078,-3.8364774584770203,0.1885137413162738,-12.768903560936451,0.010723697611903433
5ularhsy,magic-river-288,finished,0.0,0.004194304,0.0,0.0,0.0,0.0,0.0,0.0,1668,-2.0560926012694836,3.3869671123102307,2.2974801547825336,990.7147746533155,3.8184664212167263,-2.0140843362547454,0.555746316164732,-8.950061006471515,0.040825950897333374
ie3mlcn4,vague-feather-289,finished,0.0,0.004194304,0.0,0.0,0.0,0.0,0.0,0.0,1668,-1.7816442642360926,4.360052996315062,6.31981791742146,1157.848554290831,4.207694977521896,-3.4438494136556983,0.7164557913551107,-6.572419200092554,0.024148477514470537
bf9di5z6,fresh-sea-290,finished,0.0,0.004194304,0.0,0.0,0.0,0.0,0.0,0.0,1668,-2.3712115129455924,3.097678629681468,2.6220981776714325,2016.2159848958254,1.5441695228219032,-0.28217280907556397,0.3653062086319551,-10.458425441756845,0.014294392665633274
he7gn3yu,stoic-durian-291,finished,0.029787234961986542,3.24009984,0.0,0.010782145958180618,0.004205508499843888,0.005967488078199126,0.20033708685876836,0.9999999664285736,1668,-1.6997950384393334,4.153596987016499,1.7598864044994116,1442.8585335612297,1.0836665146052837,-4.241558082774281,0.20339187111239881,-13.587730070576072,0.01389583355765904
wrudawse,grateful-aardvark-292,finished,0.0,0.004194304,0.0,0.0,0.0,0.0,0.0,0.0,1668,-2.1415351405739784,2.8824343625456095,4.179148014634848,1737.3995481058955,4.668196026235819,-2.5373190593905743,0.5336176938610152,-9.693276807665825,0.020934993311694027
nd5dggbm,solar-flower-293,finished,0.02766798436641693,2.487222272,0.0,0.01011940899742655,0.0,0.0,0.0,0.9999999638571444,1668,-1.7432879605351925,2.5,1.9524519636676216,700.0,2.3304927990174784,-0.09999999999999964,0.075,-12.533806408026699,0.01280455626887736
bm7d5nmk,balmy-salad-294,finished,0.003921568859368563,3.359637504,0.0,0.00012619823390272206,8.937436526259745e-05,6.309911695136103e-05,0.01609026976801607,0.99999974500008,1671,-2.1100680788690056,2.5,1.866930066162714,700.0,3.738218449277065,-0.09999999999999964,0.075,-12.1144421116582,0.008000000000000004
m9qjhajb,lyric-river-295,finished,0.019543973729014397,2.995781632,0.0,0.005808646100556512,0.001488326389499637,0.002642187327536905,0.13519191281057039,0.9999999488333354,1673,-2.04818797583047,2.5,1.0,700.0,3.5542852913380454,-0.09999999999999964,0.075,-14.73164417892672,0.008000000000000004
eb3533ou,fiery-tree-296,finished,0.022140221670269966,2.126512128,0.0,0.007616233295222452,0.0005822725992380496,0.0005010117471844584,0.022629029285112845,0.9999999548333359,1668,-1.8275437473800162,2.506874240088964,1.6245907313992873,700.0,2.9356585915425235,-0.09999999999999964,0.075,-11.449371759679249,0.01109832737895882
j19e6u48,ethereal-cloud-297,finished,0.055776894092559814,3.46554368,0.0,0.022617138279158445,0.015808464615561423,0.011588513751677307,0.20776548663109648,0.9999999820714295,1688,-1.6271881568346627,2.5,3.048896525553019,700.0,2.809963149988322,-0.09999999999999964,0.075,-10.080281929472328,0.013203043477382237
8mi9v41r,splendid-bee-298,finished,0.15217390656471252,3.230662656,0.06040268391370773,0.0916882274215093,0.080361186515495,0.07124699169803343,0.46819453372934766,0.6030680562761966,1670,-2.18640540592423,2.7836162692881765,1.4597587589396448,700.0,4.605358749807635,-0.15871965668215093,0.075,-13.733383886201182,0.009857238905430823
y1oxnaeh,lyric-dragon-299,finished,0.15708811581134796,1.526726656,0.0,0.05793592734374555,0.009693147867065236,0.008787863367648275,0.05594225423302957,0.9999999936341462,1669,-2.1813643246140813,2.5,1.6386698136793827,700.0,4.83280709906288,-0.12780426923873645,0.13283696398612427,-14.761794455263667,0.010758991850327974
tw3r8kpw,fluent-snowflake-300,finished,0.01858736015856266,1.660944384,0.006451612804085016,0.0025875910566783094,0.001631271615848843,0.0005044882401108025,0.027141466494742285,0.6529031878679054,1669,-2.0542892271398676,2.5391052045481146,1.1331524623441342,700.0,4.56101850888809,-0.09999999999999964,0.075,-12.440024915317363,0.009423891914922104
tardinmz,faithful-tree-301,finished,0.10211267322301865,1.449132032,0.0,0.04422672735863781,0.0,1.035518273039981e-05,0.00010140937752529747,0.9999999902068963,1668,-1.8635719872529697,2.5,2.4726120806308836,700.0,2.734046105105048,-0.09999999999999964,0.075,-12.19713843986159,0.012725123024517684
tdjk83jt,kind-glade-302,finished,0.028169013559818268,2.5165824,0.0,0.007817559920430902,0.0009521470147084041,0.0012289968168211949,0.043629386260969856,0.9999999645000006,1668,-2.1913982236920866,3.0256912588747187,1.3522464471127371,700.0,4.088241922443561,-0.09999999999999964,0.075,-14.164034268436671,0.009541405349004224
xqr4gb08,decent-dew-303,finished,0.11654135584831238,3.131047936,0.018987340852618217,0.08086778874318283,0.05948807954429144,0.059788897437079845,0.5130272982397119,0.8370763618503969,1668,-2.0050903936033944,2.5514094198068378,1.6812652061835796,700.0,3.197236300057562,-0.09999999999999964,0.075,-12.965231723735812,0.01031701166939002
6pfwhi64,fresh-dew-304,finished,0.0,0.004194304,0.0,0.0,0.0,0.0,0.0,0.0,1668,-2.2386765056492566,2.5,1.5320806413414938,965.2891283031995,4.873741930011868,-0.28549794615613067,0.075,-13.4608317280874,0.009719466974351111
