run_id,mtime,env/w_damage_taken,env/shape_safespot_attack_reward,env/w_jad_damage,env/w_jad_kill,env/w_correct_jad_prayer,env/shape_jad_heal_penalty,env/w_correct_danger_prayer,env/w_player_death,train/ent_coef,env/jad_kill_rate,env/cave_complete_rate,env/reached_wave_63,env/wave_reached,env/episode_length,env/dmg_taken_avg,env/damage_blocked,env/correct_prayer,env/attack_when_ready_rate,env/food_eaten,env/food_wasted,env/avg_hp_on_food,env/pots_used,env/pots_wasted,env/avg_prayer_on_pot,env/prayer_switches,env/jad_damage_dealt,env/max_wave_ticks,env/n,agent_steps,uptime,SPS,early_jad_kill_rate,early_wave_reached,n_bins
47kearhn,1776359394.543212,-1.5,2.3,2.0,150.0,2.0,-0.1,0.05,-11.0,0.01,0.012048192322254181,,0.1927710771560669,54.56376266479492,6977.62060546875,6507.861328125,121314.640625,1002.6626586914062,0.9244893193244934,8.174698829650879,0.1927710771560669,0.31597331166267395,21.343374252319336,2.7048192024230957,0.3257499635219574,77.78313446044922,,258.3313293457031,10006.0,3499098112,1726.221560716629,2006382,0.0,37.622794663591634,5
qyef7cqr,1776361128.3897517,-1.5,2.3,2.0,150.0,2.0,-0.1,0.05,-11.0,0.01,0.012048192322254181,,0.1927710771560669,54.56376266479492,6977.62060546875,6507.861328125,121314.6171875,1002.6626586914062,0.9244893193244934,8.174698829650879,0.1927710771560669,0.31597331166267395,21.343374252319336,2.7048192024230957,0.3257499635219574,77.78313446044922,,258.3313293457031,10006.0,3499098112,1702.7165563106537,2045277,0.0,37.622794663591634,5
xs3ijxht,1776362874.9019165,-1.5685420017689466,5.4949811371043324,2.2659047544002533,1268.0131431668997,4.759434640407562,-1.984457832202315,0.42296400165651,-12.200505612418056,0.01687799500024673,0.0,,0.0,48.092342376708984,5479.83203125,4047.1943359375,82224.375,878.683349609375,0.9000135660171509,20.0,17.961111068725586,0.910382866859436,20.27777862548828,8.45555591583252,0.6428830027580261,1013.0610961914062,,240.38333129882812,10082.0,3499098112,1694.4455320835114,1969232,0.0,29.374082681944046,5
5oz89024,1776364605.1749063,-2.370321831665933,2.6464614532887936,5.051662269979715,1935.0124455988407,1.4085805900394917,-4.47049546521157,0.2778125780168921,-5.911797219887376,0.021128688861549727,0.0,,0.0317460335791111,59.436309814453125,7500.93505859375,9122.1591796875,167025.34375,1547.1824951171875,0.9501022696495056,20.0,1.1904761791229248,0.5930114984512329,31.9761905670166,29.984127044677734,0.8150416612625122,2802.71435546875,,263.047607421875,10025.0,3499098112,1687.0808956623077,1988032,0.0,29.401854926733662,5
r0i7dyqu,1776366322.8255718,-1.8090819381177425,4.39447142649442,3.2223677150905132,2409.5089431852102,2.921352319419384,-0.711027104686945,0.17070892564952372,-8.45137813128531,0.04975606908650177,0.0,,0.0,40.473411560058594,4404.30078125,3674.302978515625,31646.76171875,511.9740295410156,0.8416796326637268,20.0,18.16883087158203,0.9152344465255737,32.0,32.0,0.9895259141921997,2752.55419921875,,239.58009338378906,10192.0,3499098112,1703.2322158813477,2066749,0.0,28.812005358634234,5
4u8dkeia,1776368115.6155324,-2.001363799907267,3.4640731252729893,5.595199130475521,786.4768125116825,3.254628013819456,-3.043940905947238,0.695460427715443,-14.661906687542796,0.009015129629572686,0.0,,0.0,38.92758560180664,4475.173828125,6188.79931640625,46816.73828125,582.1965942382812,0.7046977281570435,15.722222328186035,5.252136707305908,0.5896379947662354,21.341880798339844,11.551281929016113,0.5579793453216553,38.905982971191406,,268.542724609375,10067.0,3499098112,1774.4040794372559,1973721,0.0,34.937460750698754,5
pged8ydq,1776369884.6490154,-1.9458989659324288,3.0590231334790587,6.409404994919896,926.1610075831413,4.026061501353979,-1.0663313359953461,0.15652979754377155,-8.88180747628212,0.010556427081858234,0.02500000037252903,,0.6916666626930237,61.7125129699707,7982.3515625,8927.9580078125,166282.8125,1326.1666259765625,0.9458319544792175,15.625,0.75,0.4942682981491089,27.58333396911621,1.0333333015441895,0.362860769033432,512.9749755859375,,271.2416687011719,10070.0,3499098112,1748.10231924057,2024184,0.0,37.12591064004875,5
1jqyd9fs,1776371569.6997335,-2.2397605143487453,5.0822063107043505,3.907792879268527,2269.934383407235,1.6732333078980446,-3.5523689872585233,0.6286190362181514,-12.98300152644515,0.0338152718683796,0.0,,0.0,40.37871551513672,4273.5322265625,3619.112548828125,35483.796875,620.80517578125,0.9054815173149109,20.0,17.350648880004883,0.9063060283660889,32.0,32.0,0.9895689487457275,1879.337646484375,,241.27272033691406,10026.0,3499098112,1669.4980862140656,2092289,0.0,28.73909583652048,5
h5pnm0ka,1776373313.289923,-1.6745971953496337,3.830766840837896,4.330688616260886,1626.4681860804558,2.1840213872492313,-1.6291675286367533,0.5636206624098122,-10.129409041255713,0.02853615384744996,0.0,,0.0,43.90816879272461,4751.11083984375,3699.537841796875,52590.6875,718.0630493164062,0.9169254899024963,20.0,17.327730178833008,0.904437243938446,32.0,32.0,0.9897857308387756,2050.53369140625,,232.81512451171875,10149.0,3499098112,1727.7443976402283,1981625,0.0,29.214710955997166,5
rotue6ob,1776375048.0938585,-2.3904567044228315,4.027930775657296,1.4865094367414713,1576.6670379787683,3.523177459836006,-3.9620813481509685,0.386921287025325,-6.731366217136383,0.015710100414406018,0.0,,0.0,47.97254943847656,5429.10009765625,4421.7548828125,66519.328125,814.760009765625,0.8976641893386841,20.0,17.125,0.9038684964179993,32.0,32.0,0.9895626902580261,1815.300048828125,,241.81500244140625,10018.0,3499098112,1718.0166971683502,2004718,0.0,35.65237469753201,5
pjudfaum,1776376775.2583923,-1.8245991636067629,3.6345515474677086,3.5047801788896322,2044.520697928965,3.0884599685668945,-0.9863531346432861,0.0943809217074886,-9.618239402770996,0.01295141361526139,0.0476190485060215,,0.920634925365448,62.70558166503906,8179.876953125,7892.619140625,171508.375,1538.3492431640625,0.9565405249595642,19.174602508544922,4.166666507720947,0.6951813697814941,28.928571701049805,1.634920597076416,0.49313926696777344,793.1190185546875,,277.5555419921875,10125.0,3499098112,1704.1364254951477,2022881,0.0,36.86122552153589,5
7n2kd76b,1776378499.8999977,-2.1108160568401217,4.225473561324179,6.625284532085061,1152.3437527939677,2.7357122786343098,-3.323751851636916,0.6030583998654038,-13.485203888267279,0.027537902407577357,0.0,,0.0,40.90845489501953,4415.6240234375,3550.513671875,40982.890625,658.30908203125,0.9119844436645508,20.0,17.040908813476562,0.9028275012969971,32.0,32.0,0.989739179611206,1992.513671875,,238.15908813476562,10028.0,3499098112,1709.551102399826,1973829,0.0,28.372180323520723,5
55jfe8na,1776380238.7016978,-2.0434179492726052,3.0929866680149836,4.821964225947511,2386.4332559056775,3.9673280365471024,-0.09999999999999964,0.17400546212201878,-11.477349962554019,0.011756429237462864,0.014598540030419827,,0.2554744482040405,59.933101654052734,7690.5673828125,8897.05078125,169187.09375,1313.8101806640625,0.9514428377151489,19.31386947631836,1.2700729370117188,0.5332611203193665,29.81751823425293,4.759124279022217,0.48500797152519226,587.211669921875,,275.211669921875,10030.0,3499098112,1716.5577235221863,1904296,0.0,43.218401623000915,5
zkmy30mi,1776382091.8341339,-1.6943783961807939,3.6043532061638235,4.837473837175686,2311.811408574449,3.9670987868664422,-0.7450061738170737,0.08064108900947115,-7.977050866663115,0.008299754377583665,0.03125,,0.453125,59.65884780883789,7708.4609375,8178.453125,133576.28125,1179.5078125,0.9202525019645691,17.234375,5.265625,0.599735677242279,29.4453125,6.390625,0.5324242115020752,201.46875,,281.78125,10019.0,3499098112,1733.1505796909332,1940977,0.00527167614667768,46.653462924545614,5
itiz1dt7,1776383882.4490001,-1.5684120092546792,3.654748993466016,5.787078924200451,2374.5623653134944,4.75441549358675,-0.09999999999999964,0.075,-8.293964152049789,0.008000000000000004,0.0,,0.23178808391094208,56.86396026611328,7183.88427734375,8884.4501953125,121449.984375,999.2715454101562,0.914137601852417,17.642383575439453,2.8278145790100098,0.5234008431434631,31.516555786132812,10.761589050292969,0.5760849118232727,107.85430145263672,,275.64239501953125,10144.0,3499098112,1770.9671449661255,1921025,0.0,44.537887191315065,5
5lt2u1im,1776385692.4379637,-1.9400110937020698,4.234611314413631,2.3609309711685604,2123.753219061029,2.3789866078955697,-1.1539865165952943,0.075,-10.391387711827827,0.009788453704828021,0.0,,0.008333333767950535,40.12638473510742,4643.1796875,5622.17919921875,57031.0546875,645.7791748046875,0.810161292552948,13.966666221618652,6.391666889190674,0.5696152448654175,15.058333396911621,0.27916666865348816,0.28377565741539,68.11250305175781,,250.7624969482422,10009.0,3499098112,1794.9537615776062,2051702,0.002628809459199258,45.69962320853766,5
sl5uwujl,1776387424.777997,-1.704143058554998,2.9342524796639258,3.472087241039798,1940.643236334009,3.3528759566525377,-1.5743475137246121,0.11785432001156626,-8.874285435736894,0.013837445790693993,0.02777777798473835,,0.9305555820465088,62.305606842041016,8131.89697265625,7190.5556640625,152722.6875,1459.423583984375,0.9621397852897644,19.20138931274414,7.215277671813965,0.7198041677474976,30.17361068725586,5.215277671813965,0.5778020620346069,416.4444580078125,,280.1388854980469,10098.0,3499098112,1711.046335697174,2019236,0.0,40.320399014498115,5
05m45997,1776389176.8937342,-1.7786429469891807,3.014057040163208,4.515626051099783,2134.40783873511,3.122173566508421,-1.0423270454383964,0.075,-8.415727709923727,0.008000000000000004,0.0,,0.08666666597127914,59.29314041137695,7681.5791015625,9622.0595703125,168478.859375,1318.7667236328125,0.8712987303733826,19.513334274291992,0.8866666555404663,0.5077511072158813,28.626667022705078,7.260000228881836,0.5502864718437195,814.566650390625,,291.3066711425781,10101.0,3499098112,1731.4248106479645,1883695,0.0,30.369900163700827,5
5am4w63t,1776391017.2514834,-1.7640584990045265,3.406821533209709,3.378798283774537,2129.105247058075,4.057718260396292,-0.4869248212617423,0.075,-10.094207971826524,0.009671114589476068,0.0,,0.3821656107902527,59.074012756347656,7543.4873046875,6564.388671875,121516.328125,1064.630615234375,0.9384313821792603,9.08917236328125,0.6305732727050781,0.5077244639396667,26.21656036376953,4.197452068328857,0.5077145099639893,92.50318145751953,,259.9235534667969,10147.0,3499098112,1815.7264239788055,1912676,0.0,33.755034384967615,5
14aavsrf,1776393002.3665135,-1.7795147309743324,3.31532627206131,3.5092367231142707,1720.4334905038331,3.1569313583241625,-0.9039356937115075,0.075,-9.319154443366621,0.010920645020427189,0.0,,0.30656933784484863,59.99751281738281,7815.98876953125,8652.533203125,176629.25,1406.7080078125,0.941573977470398,18.45255470275879,0.46715328097343445,0.426694393157959,30.27007293701172,0.970802903175354,0.3600064814090729,80.60584259033203,,278.6058349609375,10054.0,3499098112,1938.5047979354858,1713530,0.0,31.41840134536048,5
4ckrfb6x,1776394874.7579122,-1.9383272917412222,3.0777475974699273,4.7789330253500655,2334.4466302725873,3.2320439000765524,-1.5534988346267742,0.075,-7.437575795194294,0.018216168022063935,0.0,,0.6742424368858337,61.93458938598633,8053.82568359375,9837.8330078125,183202.703125,1513.787841796875,0.9627726078033447,19.81818199157715,0.4545454680919647,0.5827330350875854,23.045454025268555,7.35606050491333,0.6332791447639465,3117.477294921875,,273.55303955078125,10075.0,3499098112,1811.3049221038818,2008224,0.0,36.3907675973156,5
t6j7c92n,1776396710.8982065,-1.8626927766860653,3.8633104506540645,3.3172630471269158,2139.038230777216,3.2103924882751658,-1.3253775598106285,0.075,-9.990006258653704,0.016179530554961703,0.01550387591123581,,0.7441860437393188,62.288265228271484,8069.7451171875,8987.1083984375,171013.140625,1485.472900390625,0.9627785682678223,19.87596893310547,2.1705427169799805,0.6343423128128052,29.697673797607422,4.201550483703613,0.5509706735610962,915.2635498046875,,279.7131652832031,10029.0,3499098112,1774.3135871887207,1927775,0.0,36.933590822654374,5
tby7zg28,1776398536.0117044,-1.7359912996237543,3.7034356616591637,4.115605856207175,1871.361437354977,2.91509539065599,-0.5845692660574189,0.12226346103748226,-9.523117802155634,0.012823314712134746,0.0,,0.01550387591123581,59.3986701965332,7518.87451171875,8149.69775390625,166276.765625,1331.410888671875,0.9631507396697998,18.42635726928711,1.1007752418518066,0.5522236227989197,31.9844970703125,17.147287368774414,0.6695535778999329,288.1705322265625,,265.5271301269531,10081.0,3499098112,1788.2191009521484,1929445,0.0,39.018834973982486,5
a2c423lu,1776400306.0034623,-1.9320777179798998,3.3550910478538816,2.976936539981963,1767.903890382544,3.4926440865431827,-1.027456542617867,0.075,-8.532028959874811,0.011536881874513356,0.0,,0.44915252923965454,59.10939025878906,7607.85888671875,9774.220703125,155733.828125,1210.533935546875,0.910022497177124,16.652542114257812,0.4661017060279846,0.38942062854766846,27.36440658569336,1.0593219995498657,0.3860589563846588,189.11863708496094,,271.0932312011719,10083.0,3499098112,1729.250304698944,1940716,0.0,35.65397286815323,5
39m0p9xt,1776402132.6958055,-1.7453441334212787,3.84366026224305,4.307105023077882,2110.1007387250265,3.5862832266971836,-1.7844932419911061,0.075,-10.235936526393768,0.014603617336536765,0.09448818862438202,,0.960629940032959,62.84017562866211,8244.05859375,6529.32275390625,153948.0625,1461.472412109375,0.965172290802002,19.740158081054688,7.598425388336182,0.7321832180023193,29.267717361450195,4.488188743591309,0.5623027086257935,689.6141967773438,,279.7401428222656,10061.0,3499098112,1800.0361948013306,1917182,0.0,39.11164255165082,5
ia6s7347,1776403993.2020307,-1.6334197655326501,3.7543098020595194,4.707636898854954,2231.2861399598096,3.9569837899992866,-2.838919435563829,0.075,-12.48118497590692,0.012608445304948321,0.0,,0.0,52.96364212036133,6416.220703125,6296.34375,111535.5,953.7239379882812,0.9268672466278076,11.981595039367676,2.355828285217285,0.5516495704650879,26.03067398071289,8.018404960632324,0.6069104075431824,164.90184020996094,,251.82821655273438,10012.0,3499098112,1826.070033788681,1871846,7.311223919014279e-06,40.92745420972792,5
mvk1kfxy,1776405837.1789527,-1.7212817456492353,3.76513994621539,4.21793346936572,1808.759300116717,3.32708857018348,-1.7541132575593146,0.075,-10.846541677034114,0.013579452257962579,0.0,,0.19379845261573792,60.27103805541992,7753.50244140625,9114.47265625,175210.484375,1324.9456787109375,0.9549105167388916,19.945735931396484,2.077519416809082,0.645148754119873,25.038759231567383,5.5271315574646,0.5559744834899902,963.3875732421875,,272.5581359863281,10006.0,3499098112,1823.3560860157013,1908664,1.9901092622062856e-05,41.23776516354055,5
gbet14e4,1776407659.8245332,-1.6990710966748401,3.8692630518984013,4.102603584786804,1936.6013986566147,3.8271279861892027,-1.737657186349855,0.075,-10.430999078059376,0.018777578388020223,0.0,,0.0,49.264404296875,5691.41015625,4428.3251953125,85254.2890625,867.6068115234375,0.9105702638626099,20.0,18.364078521728516,0.9136406779289246,25.733009338378906,23.291261672973633,0.7791258692741394,1205.951416015625,,246.29611206054688,10170.0,3499098112,1805.2615747451782,1908885,0.0,36.24287818890396,5
3whkoqcr,1776409512.5910623,-1.7721146997520816,3.7144299831468586,4.95946581824053,2306.2085527309873,3.9659637271541195,-0.9822659449684439,0.12751584717530318,-9.524556523431603,0.014046034694436786,0.007874015718698502,,0.4251968562602997,61.12687301635742,7904.82080078125,9535.8662109375,173981.796875,1363.5118408203125,0.9584145545959473,19.456693649291992,0.36220473051071167,0.5565155744552612,28.393701553344727,3.5984251499176025,0.5058290958404541,773.9212646484375,,275.4173278808594,10002.0,3499098112,1832.4900012016296,1900315,0.0,38.41050086718955,5
ybainb78,1776411359.78671,-1.8473150529643916,3.895467947813688,3.7760127364395495,2429.441868045543,3.9643964583081495,-1.8922032927132393,0.075,-8.765670590026598,0.013717124626138244,0.0,,0.15000000596046448,59.60234451293945,7652.59375,9617.775390625,167876.140625,1237.0999755859375,0.9586011171340942,19.608333587646484,0.6166666746139526,0.5471347570419312,29.799999237060547,5.108333110809326,0.518115758895874,75.42500305175781,,273.7583312988281,10064.0,3499098112,1824.7625198364258,1890171,0.0,39.245527910099895,5
04vr4co4,1776413231.3217964,-1.6658396431682463,3.720386946288994,4.917709210731948,1960.5790759785389,3.5728284431746133,-2.1175320694988256,0.075,-9.39238987858417,0.011008078692407728,0.0,,0.0,45.702152252197266,5202.265625,5414.40185546875,70426.765625,793.505126953125,0.8978438973426819,19.56185531616211,11.603093147277832,0.8037264943122864,30.75257682800293,24.37113380432129,0.8111461400985718,109.63401794433594,,255.54638671875,10042.0,3499098112,1855.0991988182068,1869630,0.0,34.40152004068132,5
6x5g05bg,1776415061.9885538,-1.9726262817088078,3.4868088633134424,4.082487214694329,1987.736989643028,2.97402660796397,-1.0432507144517342,0.08935517316169553,-11.9008046398909,0.022657599846401807,0.0,,0.0,53.33293914794922,6432.43798828125,4670.61865234375,89507.390625,985.5469360351562,0.9078987836837769,20.0,17.331491470336914,0.9034378528594971,32.0,31.988950729370117,0.9437170028686523,2505.906005859375,,249.3204345703125,10119.0,3499098112,1812.621500968933,1850744,0.0,33.022931794182576,5
u0wwg7lp,1776416886.0207036,-1.8078808482233688,3.400577583791513,4.8070565378814365,2222.7688603820243,3.0924685119924398,-1.3846365351805825,0.075,-9.890454237724907,0.013005668305146637,0.058394160121679306,,0.8613138794898987,62.48588943481445,8163.00927734375,8409.7294921875,183061.4375,1453.8321533203125,0.9605470299720764,19.197080612182617,3.350364923477173,0.6661320924758911,31.802919387817383,5.554744720458984,0.6048367619514465,217.0,,273.3649597167969,10134.0,3499098112,1801.8366515636444,1909830,0.0,38.06364846858475,5
wk5elrda,1776418737.1429245,-1.7182353001570432,3.5969211955011855,5.069510278911336,2389.9846430995694,3.073933179785535,-0.7496668528451345,0.075,-10.048626393741907,0.014679483581164412,0.017543859779834747,,0.6666666865348816,61.96757125854492,8053.61669921875,9142.8154296875,189572.4375,1483.8421630859375,0.959896445274353,20.0,1.824561357498169,0.5981569886207581,31.35087776184082,5.122807025909424,0.5948095917701721,444.2280578613281,,270.131591796875,10084.0,3499098112,1827.976652622223,1902497,0.0,38.36550460101889,5
blnfiok3,1776420575.455128,-1.81364007699736,3.663323758035936,5.664999505164081,2139.9584457304236,2.749026453961039,-1.6976195285594309,0.075,-10.535426172280168,0.016485915612671716,0.0,,0.4642857015132904,61.46183776855469,7960.99462890625,9315.0625,181810.25,1398.8839111328125,0.9732956290245056,19.883928298950195,0.9196428656578064,0.500933825969696,31.508928298950195,2.544642925262451,0.49111396074295044,741.5357055664062,,272.9910583496094,10062.0,3499098112,1817.6404814720154,1896748,0.0,34.63441666710577,5
h4ls5hin,1776422446.3497136,-1.6731651488045685,3.2633689820977025,3.278679194283804,2193.5717524137726,3.5614562523255646,-1.295110079838758,0.14947058617447756,-8.802428164432579,0.014771687622894946,0.0,,0.0714285746216774,59.88920974731445,7637.95947265625,8267.2138671875,173900.0,1370.8968505859375,0.9636451005935669,19.404762268066406,3.1190476417541504,0.6834980845451355,31.650793075561523,11.61111068725586,0.6453651785850525,247.38095092773438,,271.0873107910156,10001.0,3499098112,1830.4614250659943,1848643,0.0,38.80942809839043,5
r02jqail,1776424299.2894952,-1.7228223503313804,3.3105232657344303,5.806249574076187,2226.510583334838,3.340852183558108,-1.958654899553704,0.075,-11.036952254546247,0.011884396136504985,0.0,,0.010256410576403141,51.638771057128906,6374.0107421875,6338.712890625,122376.9609375,1052.128173828125,0.8891929984092712,16.133333206176758,10.364102363586426,0.6957646012306213,24.061538696289062,1.0871795415878296,0.3609653115272522,82.56410217285156,,260.974365234375,10049.0,3499098112,1834.7462277412415,1884610,0.0,40.04734225924924,5
k2fliqry,1776426143.1796257,-1.8651906421083628,3.8547031183932,5.285418308337799,2077.0155382663643,3.063865940328415,-0.09999999999999964,0.075,-6.747400275507404,0.012517731962971164,0.0,,0.0,40.727298736572266,4735.6845703125,6392.52783203125,55487.15625,675.1063842773438,0.8441425561904907,19.37872314453125,9.06382942199707,0.7382773160934448,18.965957641601562,5.702127456665039,0.45059141516685486,280.01702880859375,,252.78297424316406,10165.0,3499098112,1828.8889214992523,1860320,0.0,43.01794578588838,5
fe14eexe,1776428052.5928624,-1.8783972401305005,3.1691551173557047,3.8436265554281412,2125.21565375298,3.2752880586044038,-1.4781331915346874,0.07770678551796376,-10.721979682068966,0.013204931106626057,0.0,,0.38323354721069336,60.56129455566406,7792.5380859375,8391.71875,162759.546875,1287.08984375,0.933600902557373,19.497005462646484,4.371257305145264,0.6541701555252075,29.347305297851562,7.628742694854736,0.6190807819366455,743.1856079101562,,273.8023986816406,10050.0,3499098112,1888.0699911117554,1802311,0.0,32.40690798496457,5
8htlj8a2,1776429890.6777284,-1.8499889778347065,3.863447840964011,3.548772572717475,2097.94018081147,3.406385186363827,-1.4295080777847504,0.075,-9.244376209156957,0.011513274461301539,0.0,,0.0,57.0015983581543,7144.52294921875,8090.93603515625,141564.53125,1146.5128173828125,0.9105961918830872,14.230769157409668,0.2884615361690521,0.5782535672187805,27.134614944458008,4.012820720672607,0.4400530159473419,439.9230651855469,,263.51922607421875,10021.0,3499098112,1818.9580810070038,1807418,0.0,30.208431797347767,5
zrqb974z,1776431738.1646774,-1.6129755684361151,3.8581386565140603,5.3413571809566,2075.4777313030136,3.1671322045420878,-1.7273598637826435,0.075,-10.270009438124339,0.014150175968509801,0.0,,0.07236842066049576,59.42156982421875,7522.19384765625,7513.96728515625,169493.8125,1342.9276123046875,0.9579643607139587,19.973684310913086,6.401315689086914,0.7195305824279785,29.763158798217773,11.894737243652344,0.6725938320159912,490.618408203125,,265.0789489746094,10098.0,3499098112,1827.429302930832,1899970,0.0,38.01760718805327,5
hpx56tyz,1776433581.4378662,-1.857026161623106,3.181536938443706,4.475264491248282,2180.0222913745,3.664838335135272,-1.605137812267532,0.075,-9.75340236626504,0.013396399802968886,0.010309278033673763,,0.6907216310501099,61.607887268066406,7987.54736328125,9120.453125,183186.375,1395.690673828125,0.9512427449226379,19.55670166015625,2.0824742317199707,0.6503018140792847,28.463916778564453,5.8144330978393555,0.565089225769043,692.0721435546875,,279.89691162109375,10094.0,3499098112,1820.6249506473541,1888783,0.0,39.568784025361495,5
7nbhgpvn,1776435431.0566628,-1.748049182847998,3.2881996950367234,5.47407616515995,2256.75670289349,3.3977834498502357,-1.4073021041424183,0.075,-11.108836855698359,0.013901246233093672,0.0,,0.1764705926179886,60.23161697387695,7729.6640625,8661.130859375,168441.703125,1347.3267822265625,0.9567371606826782,18.58169937133789,1.6797385215759277,0.6090046167373657,30.980392456054688,9.464052200317383,0.5936988592147827,433.90850830078125,,270.2614440917969,10077.0,3499098112,1827.435293674469,1911675,0.0,38.78783788383722,5
z5npt2l3,1776437304.118963,-1.7429358454020525,3.4078361877801133,3.9937200345572665,2272.5185248236244,3.0525762733880697,-1.317170874212715,0.07935804328320722,-8.84040096010186,0.011984115356614648,0.0,,0.0,38.30184555053711,4210.689453125,6514.5693359375,36653.796875,403.1573181152344,0.8031913042068481,17.142322540283203,6.352059841156006,0.6607665419578552,18.247190475463867,11.108613967895508,0.6588044762611389,140.681640625,,241.1460723876953,10237.0,3499098112,1840.1237223148346,1873086,4.211219744555813e-05,43.62882941403835,5
i3lwdp8p,1776439179.8554902,-1.8731400943728898,3.9027744160888562,4.262796592870492,2186.635524417572,3.5914306918469086,-1.5053500804029514,0.1097067867320655,-9.893214159282564,0.012583304614235338,0.0,,0.0,52.15138626098633,6251.39501953125,6759.43994140625,116004.2265625,1048.2618408203125,0.9005545377731323,18.900524139404297,6.696335315704346,0.693684995174408,29.303665161132812,9.968585968017578,0.5760366916656494,65.06806182861328,,253.9319305419922,10014.0,3499098112,1842.216778755188,1836471,0.0,31.44244090887568,5
srh4mkp9,1776440913.9645276,-1.7927215185724508,3.7072163803756206,4.840816007064556,2325.9920317068063,3.6179984334616178,-1.9641408469684927,0.075,-9.15093012483296,0.01464838397120961,0.013605441898107529,,0.36054420471191406,60.69273376464844,7857.25341796875,8807.8984375,155574.125,1379.6258544921875,0.9517116546630859,19.775510787963867,2.2585034370422363,0.6157786250114441,31.761905670166016,13.714285850524902,0.6623345017433167,569.29931640625,,274.36053466796875,10141.0,3499098112,1712.7261426448822,1946552,0.0,36.9472614100797,5
pninbk5e,1776442615.606689,-1.6761726341850502,3.188921762252974,4.841655470002545,1848.5855658093112,3.463988313681869,-0.8709222789687452,0.075,-10.25123475978018,0.014891155055063585,0.007246376946568489,,0.5362318754196167,61.33147048950195,7991.375,8913.6083984375,144077.59375,1253.384033203125,0.9400585889816284,19.71014404296875,2.818840503692627,0.6402416229248047,30.63768196105957,17.78985595703125,0.6931045055389404,872.0072631835938,,275.5362243652344,10025.0,3499098112,1681.8461530208588,2064305,0.0,39.30721751791682,5
uvvrepg6,1776444444.011512,-1.84475941578321,3.3287580320192522,6.1477512701722254,1401.998077411651,4.12022343079413,-0.09999999999999964,0.075,-8.700003491537156,0.01035713642074769,0.0,,0.0,50.53010177612305,5872.31494140625,7323.6318359375,87522.0703125,935.3136596679688,0.9379105567932129,19.727272033691406,3.018181800842285,0.5934154391288757,31.9818172454834,21.31818199157715,0.8022195100784302,987.4318237304688,,243.9681854248047,10166.0,3499098112,1760.8876595497131,1890440,0.0,39.25278223618615,5
jpku9zgf,1776446210.0809371,-1.6967937762700718,3.2762936161595064,4.031618106713313,2067.6624515176472,3.198169493383671,-1.0651575515361715,0.08792828921562751,-9.655130877529794,0.01705764741021459,0.0,,0.0,47.328495025634766,5388.48046875,3948.290283203125,62949.6640625,719.1198120117188,0.9009469151496887,20.0,17.986175537109375,0.9144190549850464,21.082948684692383,13.737327575683594,0.7152366042137146,1053.3963623046875,,243.5852508544922,10128.0,3499098112,1743.7824203968048,2084617,0.0,38.883591688508325,5
ny1jovhr,1776447996.4508824,-1.6922426607352496,3.4402497521495765,4.560843365679383,2078.830485913669,3.372507502860719,-1.547520411466543,0.075,-9.930270158944435,0.016066559386868153,0.0,,0.0555555559694767,58.77902603149414,7434.7578125,8597.47265625,155237.109375,1261.65283203125,0.9535670876502991,19.9375,4.0,0.666771650314331,30.19444465637207,15.909722328186035,0.6845735907554626,617.0069580078125,,262.6388854980469,10060.0,3499098112,1766.754019498825,1885522,0.0,37.31244197680796,5
m7i9c78h,1776449803.562407,-1.768888104525705,4.259975849014939,3.9834846754767357,2269.401961444849,3.376225101092576,-1.963188372194339,0.075,-10.551416853715098,0.012295855273389989,0.0,,0.11971831321716309,58.48550796508789,7369.6943359375,7869.31689453125,165286.984375,1328.31689453125,0.9543102383613586,16.21830940246582,1.936619758605957,0.5114019513130188,31.922534942626953,11.21830940246582,0.6538919806480408,195.55633544921875,,267.53521728515625,10006.0,3499098112,1788.183066368103,1858320,0.0011611534935830952,43.8834714363519,5
5xq0vccb,1776451670.0878274,-1.8179832514569263,3.6455649383384534,4.8580554086088465,2500.0,3.3433499905261868,-1.460729514329369,0.075,-9.202542129602715,0.011292367219704847,0.0,,0.0,56.15715408325195,6885.40283203125,6383.01318359375,137564.703125,1169.62255859375,0.9384113550186157,19.993377685546875,8.615894317626953,0.7773749828338623,26.09933853149414,3.768211841583252,0.41920799016952515,361.8609313964844,,253.5165557861328,10143.0,3499098112,1847.756810426712,1856151,0.0,30.748110579072144,5
4jd8ivr8,1776453490.4019027,-1.6758963028153657,2.5,2.7533362517909463,700.0,2.743957371726383,-0.09999999999999964,0.075,-11.03047725722351,0.013897092341047296,0.16981132328510284,,0.7830188870429993,62.323665618896484,8380.0283203125,6867.29248046875,167365.453125,1475.1981201171875,0.9503729343414307,19.49056625366211,8.698113441467285,0.7404102087020874,29.716981887817383,4.566037654876709,0.5308205485343933,795.160400390625,,306.8396301269531,10032.0,3499098112,1799.2708504199982,1934253,0.0,38.32006019939907,5
dlowimne,1776455261.9517016,-1.752529324980419,2.5,2.1374701009699404,700.0,3.184907721366603,-0.09999999999999964,0.075,-13.31389050202582,0.009811118022052178,0.0078125,,0.28125,57.88148880004883,7464.1484375,7332.078125,128617.34375,1042.1015625,0.8840991854667664,17.4296875,6.59375,0.6561518311500549,27.4375,3.75,0.46740347146987915,127.7890625,,275.609375,10075.0,3499098112,1752.5510385036469,1952399,0.002516710388136925,44.56133512227083,5
n89g743y,1776457043.6145928,-1.790609259164523,2.5,3.2302479012115994,747.1662523655992,2.1953244211462017,-0.09999999999999964,0.075,-14.828719506229655,0.013615811012606805,0.056910570710897446,,0.7886179089546204,61.965518951416016,8056.17529296875,8265.51171875,174204.0625,1369.0406494140625,0.9540228843688965,19.861787796020508,4.642276287078857,0.7009103894233704,29.593496322631836,1.9837398529052734,0.4448542892932892,372.3495788574219,,273.04876708984375,10005.0,3499098112,1759.302354335785,1924681,0.0003540625129055848,39.846927013900356,5
hkv4x52i,1776458863.1164665,-1.6367279385573197,2.5098705754958415,3.2372926250825973,700.0,2.504678646576832,-0.09999999999999964,0.075,-12.839339294397252,0.01716352200000095,0.0,,0.12598425149917603,59.60023880004883,7613.01171875,9240.4326171875,169523.84375,1354.81103515625,0.9614034295082092,19.89763832092285,0.8188976645469666,0.5746277570724487,31.322834014892578,15.661417007446289,0.6778492331504822,634.4330444335938,,266.22833251953125,10001.0,3499098112,1782.8700103759766,2030262,0.0,34.591106872192675,5
1dkyldgr,1776460671.6153457,-1.5779561455739004,2.5,1.2898070223272753,700.0,2.9761800638219276,-0.09999999999999964,0.17383698815977922,-10.495921109286755,0.019477329011061605,0.0,,0.0,49.8111457824707,5772.8603515625,4313.0107421875,88618.375,892.2127685546875,0.9243209362030029,20.0,18.03191566467285,0.9106318950653076,25.760639190673828,22.308509826660156,0.7687122821807861,1144.9840087890625,,239.76063537597656,10050.0,3499098112,1791.5523462295532,1915142,0.0,36.56058329987011,5
3ytyplhu,1776462538.523982,-1.782368446456588,2.5,3.774484482585576,700.0,1.7519461056829493,-0.4545292840601416,0.075,-15.0,0.01036182277515539,0.007575757801532745,,0.4015151560306549,61.37398910522461,8000.80517578125,8532.11328125,185421.890625,1452.54541015625,0.9324159622192383,18.75757598876953,0.5757575631141663,0.5212875008583069,31.696969985961914,4.651515007019043,0.5702305436134338,125.91666412353516,,281.7954406738281,10003.0,3499098112,1846.179190158844,1796908,7.914460757724959e-06,43.6167702411862,5
41qfp8pz,1776464409.5850832,-1.9246787451620424,2.5,3.094446540659129,700.0,2.674803341275377,-0.09999999999999964,0.075,-12.373103772514167,0.014278139353236387,0.056910570710897446,,0.6991869807243347,61.86302185058594,8052.71240234375,9331.91015625,190644.015625,1457.3251953125,0.9436399936676025,19.76422691345215,0.5609756112098694,0.5999070405960083,29.365854263305664,3.682926893234253,0.5120306611061096,786.7967529296875,,277.7967529296875,10038.0,3499098112,1849.9700214862823,1812909,0.00013482991306723165,39.80892113701617,5
d1tvjphv,1776466264.7945719,-2.018556613078916,2.5,3.5290207975278336,700.0,2.6235578367994856,-0.12649208091444653,0.075,-13.270038624290141,0.01732288494410652,0.006849315017461777,,0.10273972898721695,60.25799560546875,7702.15185546875,8400.36328125,166521.484375,1353.28076171875,0.9664126038551331,19.883562088012695,1.9589041471481323,0.6484965682029724,31.97945213317871,18.376712799072266,0.7199730277061462,632.9246826171875,,274.8013610839844,10039.0,3499098112,1834.759971857071,1888049,0.0,38.56232384011614,5
jihj4a51,1776468033.3045633,-1.8192010153685225,2.5,3.63898763247946,700.0,2.745495037631049,-0.09999999999999964,0.075,-11.555797641420439,0.015003109975763365,0.0,,0.5112782120704651,61.550498962402344,7928.95947265625,8520.759765625,185579.84375,1445.6090087890625,0.964406430721283,19.53383445739746,1.9924812316894531,0.6617775559425354,31.421052932739258,6.939849853515625,0.5679582357406616,376.3082580566406,,275.0751953125,10089.0,3499098112,1747.5911166667938,2049249,0.0,38.494328496553344,5
2ju3tir1,1776469835.7938368,-1.8068340424933107,2.5,3.3289994459479475,714.5076539881444,2.4756847365678216,-0.09999999999999964,0.075,-14.753123616141623,0.009456932586615825,0.0,,0.0,54.67217254638672,6771.48974609375,8648.2412109375,132495.3125,1099.013427734375,0.8706666827201843,15.65771770477295,1.2885905504226685,0.5315591096878052,29.402685165405273,7.859060287475586,0.5582882165908813,40.04697799682617,,262.9530334472656,10109.0,3499098112,1783.8701658248901,1907407,0.0,39.98885739964547,5
t8ncfki9,1776471643.2905345,-1.723534383612647,2.709074926080509,2.9828288489370625,700.0,2.689944758442153,-0.09999999999999964,0.075,-10.485584709573207,0.012814036372131894,0.0,,0.15753424167633057,60.463890075683594,7756.0849609375,7933.123046875,169943.9375,1380.23291015625,0.9648256897926331,17.554794311523438,1.4452054500579834,0.5421576499938965,31.404109954833984,3.184931516647339,0.5238895416259766,88.3013687133789,,262.7397155761719,10080.0,3499098112,1787.579430103302,2005560,0.0,36.50104388458838,5
ufseck8l,1776473393.281313,-1.6671014506555437,2.5,2.825943251473679,700.0,2.6298705856808655,-0.09999999999999964,0.075,-12.739480883198029,0.016156256349139028,0.014492753893136978,,0.6014492511749268,61.69841766357422,8041.564453125,9151.65234375,182523.15625,1414.340576171875,0.9485599398612976,19.673913955688477,1.5289855003356934,0.6221098899841309,30.869565963745117,4.2971014976501465,0.573887288570404,582.3478393554688,,271.9202880859375,10100.0,3499098112,1729.0733830928802,1903594,0.0,38.06091212082824,5
by6vs1me,1776475265.7890186,-1.6889815194800166,2.5,1.9395079479650486,700.0,1.8965274953214244,-0.09999999999999964,0.075,-8.980138423218875,0.02157585664233865,0.0,,0.10204081982374191,57.347312927246094,7139.44775390625,4494.12939453125,112648.0390625,1244.197265625,0.9481843709945679,20.0,16.700679779052734,0.8919208645820618,32.0,32.0,0.9896905422210693,3243.4013671875,,258.802734375,10014.0,3499098112,1853.4832921028137,1860119,0.0,34.802912163219865,5
fmwgl0y6,1776477121.2468367,-1.5,2.5,2.8362327110493544,700.0,3.7131273706769066,-0.09999999999999964,0.075,-9.052796064085403,0.01516800885044788,0.051094889640808105,,0.8175182342529297,62.346248626708984,8121.18994140625,8972.9267578125,172311.328125,1327.16064453125,0.9462385177612305,19.781021118164062,2.8321168422698975,0.666024386882782,30.86131477355957,5.233576774597168,0.5309827923774719,542.3065795898438,,280.2627868652344,10117.0,3499098112,1833.111835718155,1858580,0.0,38.91758257136356,5
f48rrhmt,1776478947.7998974,-1.543833679095337,2.5,2.1501920190405337,700.0,3.6487749934022524,-0.09999999999999964,0.16798309833802227,-10.368173557626491,0.013389760470761822,0.0,,0.0,48.216041564941406,5442.3466796875,7568.3017578125,71943.5390625,785.3118896484375,0.9050722122192383,19.163366317749023,3.5742573738098145,0.6414535641670227,8.762375831604004,1.8613861799240112,0.57064288854599,1275.302001953125,,241.53465270996094,10012.0,3499098112,1809.6993250846863,1910596,0.0,36.085158924404666,5
gtn9bw97,1776480790.2754743,-1.6726444315583584,2.5,2.5894844675123014,700.0,3.1689798554708077,-0.09999999999999964,0.075,-11.707599724394509,0.013166560152612902,0.0,,0.03448275849223137,52.905181884765625,6438.84814453125,8959.2294921875,98521.3203125,656.1724243164062,0.9305964708328247,19.988506317138672,2.712643623352051,0.656860888004303,21.827587127685547,8.666666984558105,0.6317214369773865,518.0977172851562,,251.1839141845703,10051.0,3499098112,1824.4640555381775,1882302,0.0,37.83075425950744,5
mqmyqwhi,1776482655.1619947,-1.7676470712629506,2.5,2.8135577568838053,700.0,2.9995164258759868,-0.09999999999999964,0.075,-11.79156458083076,0.01514754665319353,0.0069444444961845875,,0.8194444179534912,62.614803314208984,8225.7119140625,9166.611328125,172105.671875,1386.8680419921875,0.9441859722137451,19.33333396911621,0.625,0.553459882736206,30.16666603088379,11.541666984558105,0.6682936549186707,832.548583984375,,290.28472900390625,10078.0,3499098112,1843.9467234611511,1807025,0.0,38.352903254026415,5
h5ppjk9x,1776484517.1556027,-1.7056086644594972,2.5,3.015670802120299,700.0,2.969785317765002,-0.33447877810051896,0.075,-11.627022880543256,0.013664600843829073,0.0,,0.7692307829856873,61.48173141479492,8073.50048828125,9914.5478515625,159565.1875,1405.7403564453125,0.9162518382072449,17.875,0.4615384638309479,0.5117893815040588,30.31730842590332,4.528846263885498,0.5179072618484497,801.4711303710938,,279.4519348144531,10072.0,3499098112,1840.006540775299,1847352,0.0,40.20544447544381,5
0y1h8xad,1776486391.0796742,-1.7597592057077749,2.5,3.1753083718844173,700.0,3.3379494114172807,-0.09999999999999964,0.075,-9.35333316967608,0.017525135399321854,0.007042253389954567,,0.6619718074798584,60.881187438964844,7891.6435546875,5277.9013671875,140694.078125,1367.823974609375,0.9494048357009888,20.0,17.591548919677734,0.9018115401268005,31.077465057373047,14.0,0.6827827095985413,894.0140991210938,,273.7957763671875,10142.0,3499098112,1852.9101285934448,1795047,0.0,41.311602896637766,5
8mkn4lk4,1776488293.7188168,-1.5835308196638858,2.5,2.7705762242622933,700.0,2.1731392702782166,-0.09999999999999964,0.1765476426222506,-9.775097010833377,0.008000000000000004,0.0,,0.0,46.407012939453125,5328.1025390625,6066.61767578125,54730.94921875,709.4044189453125,0.866277813911438,12.239999771118164,1.8755555152893066,0.5506566762924194,31.786666870117188,23.373332977294922,0.8193906545639038,73.5955581665039,,244.022216796875,10211.0,3499098112,1885.9989039897919,1857448,0.0,36.203118555265654,5
asq7fgl5,1776490148.344843,-1.6663526875349242,2.5,3.8829080194531107,712.6356843202984,3.023108072298763,-0.09999999999999964,0.075,-13.109160472413938,0.013020345657334153,0.0,,0.15436241030693054,60.38713836669922,7816.95556640625,9758.78515625,177298.328125,1394.0604248046875,0.9502897262573242,19.6845645904541,1.073825478553772,0.5272976756095886,31.637584686279297,6.476510047912598,0.49938079714775085,80.95301818847656,,274.2281799316406,10123.0,3499098112,1834.519448041916,1903369,0.0,34.62447148833058,5
vuzi8bth,1776491968.642855,-1.933435918794425,2.5,2.3046076189515268,700.0,2.6835818600316212,-0.46667611910558726,0.075,-13.583262681574844,0.019349176197170095,0.0,,0.0,48.33771896362305,5503.8798828125,4178.05419921875,71897.0703125,798.197021484375,0.9150810241699219,20.0,17.74384307861328,0.9067023992538452,27.753694534301758,27.083744049072266,0.8186647295951843,990.9605712890625,,239.29556274414062,10106.0,3499098112,1803.4063646793365,1941714,0.0,37.748626519164304,5
564crrac,1776493830.9329436,-1.5969182636996477,2.5,3.1932918932168377,700.0,3.169567292554799,-0.10206010755793926,0.075,-9.790860805296298,0.020460061224069438,0.0,,0.04545454680919647,57.708091735839844,7190.19775390625,8357.47265625,114182.5390625,1138.2908935546875,0.9585872292518616,19.727272033691406,3.2909090518951416,0.6616203188896179,31.809091567993164,27.654544830322266,0.8082526922225952,1414.654541015625,,262.31817626953125,10058.0,3499098112,1843.508240222931,1853050,0.0,37.605854267696685,5
ydxr3lfm,1776495686.6980171,-1.918237910482214,2.5,1.4720162141019304,700.0,3.063421767594133,-0.09999999999999964,0.075,-12.559612764154137,0.011136063410688304,0.0615384615957737,,0.9076923131942749,62.70382308959961,8225.466796875,9175.0380859375,176177.0625,1354.4615478515625,0.953416109085083,18.123077392578125,0.9153845906257629,0.5645592212677002,31.123077392578125,3.5230770111083984,0.4996575117111206,253.93846130371094,,280.9307556152344,10048.0,3499098112,1832.9065382480621,1888397,0.0,41.991794952099845,5
8oe26mgf,1776497567.4787571,-1.9984931194238515,2.5,1.826935625089825,700.0,3.887419926636688,-0.09999999999999964,0.075,-12.997934851344684,0.008516001128496294,0.05042016878724098,,0.7647058963775635,61.592681884765625,8062.4404296875,8956.0751953125,147274.359375,1167.24365234375,0.923254132270813,17.87394905090332,3.3697478771209717,0.5791201591491699,29.86554527282715,6.495798110961914,0.47097647190093994,215.34454345703125,,284.76470947265625,10002.0,3499098112,1828.639541387558,1865939,0.0005110884403555299,38.72536662899905,5
vzzwgqcn,1776499507.1439471,-2.1631935285894275,2.5,1.0,965.1454428849931,4.192505447084451,-0.09999999999999964,0.075,-15.0,0.008000000000000004,0.0416666679084301,,0.8680555820465088,61.813961029052734,8171.744140625,9843.1875,176634.078125,1304.3333740234375,0.9227793216705322,17.3125,1.6458333730697632,0.49755704402923584,30.25,0.4861111044883728,0.26062601804733276,131.68055725097656,,283.21527099609375,10143.0,3499098112,1830.9605808258057,1801962,8.016505459551331e-05,46.158747199627996,5
qloebsrs,1776527498.4760997,-1.9840975115075707,3.779765318147838,3.3476750273257494,1666.2615295499563,2.6667725555598736,-3.022282380517572,0.6102489569457248,-6.245975298807025,0.016777914172244703,0.0,,0.0,52.894527435302734,6316.86328125,6621.43017578125,108545.1171875,1032.5458984375,0.900452196598053,18.768115997314453,10.613526344299316,0.7529200315475464,28.908212661743164,17.0676326751709,0.7414162755012512,783.251220703125,,262.6908264160156,10069.0,3499098112,1735.2132346630096,1959187,0.0,29.145973370229598,5
zpix9lfz,1776529228.2375467,-2.4255934730172157,4.756494700908661,5.591360107064247,1510.371063835919,3.081364933401346,-1.3174364233389495,0.3060555618954823,-12.347531504929066,0.027445598168908257,0.0,,0.0,45.77206039428711,5017.65087890625,3574.420654296875,63658.48046875,778.7540893554688,0.9228004217147827,20.0,17.775957107543945,0.9063001871109009,32.0,32.0,0.9898107051849365,2275.327880859375,,232.9398956298828,10007.0,3499098112,1714.7758419513702,2095328,0.0,31.228367121671315,5
tnuny9xj,1776531008.3048694,-1.6668464299291372,2.7521614097058773,1.5219010394066572,890.0066170841455,4.939333520829678,-4.7924749386496845,0.12433280549012124,-14.424871960654855,0.03696670274956124,0.0,,0.0,42.99344253540039,4660.4287109375,3729.851318359375,47300.1484375,657.562255859375,0.8788856267929077,20.0,17.445783615112305,0.902072548866272,32.0,32.0,0.9897777438163757,2208.58642578125,,232.7349395751953,10067.0,3499098112,1765.0139467716217,1955379,0.0,30.551090757337978,5
ueqcfsed,1776532840.5487523,-2.240845891647041,4.659067339263856,5.161228898912668,2283.1807324662805,1.3051437884569168,-1.671782853081822,0.45447620814666156,-8.231735620647669,0.009956367103736418,0.0,,0.18965516984462738,60.86962127685547,7854.01611328125,8751.017578125,182187.484375,1458.3966064453125,0.9562268853187561,18.870689392089844,0.818965494632721,0.5710217952728271,31.491378784179688,0.5344827771186829,0.3921167850494385,54.629310607910156,,275.7758483886719,10109.0,3499098112,1810.127581834793,1797958,0.0,37.64258510488972,5
piez9f73,1776534679.3924863,-1.5986702861264348,5.195727521553636,4.388622475787997,2186.798441596329,2.437054503709078,-3.8364774584770203,0.1885137413162738,-12.768903560936451,0.010723697611903433,0.0,,0.011834319680929184,58.29527282714844,7361.611328125,7698.53271484375,162368.609375,1337.6922607421875,0.946945071220398,19.81656837463379,4.881656646728516,0.6444055438041687,30.254438400268555,3.4201183319091797,0.47302010655403137,168.69822692871094,,267.5917053222656,10089.0,3499098112,1819.52481508255,1921979,0.0,29.398537802753403,5
5ularhsy,1776536473.606851,-2.0560926012694836,3.3869671123102307,2.2974801547825336,990.7147746533155,3.8184664212167263,-2.0140843362547454,0.555746316164732,-8.950061006471515,0.040825950897333374,0.0,,0.0,38.79795455932617,4182.388671875,3540.2236328125,30674.12109375,575.6138305664062,0.867603063583374,20.0,17.23577308654785,0.906730592250824,32.0,32.0,0.9896340370178223,2608.58544921875,,239.89024353027344,10067.0,3499098112,1780.1370635032654,1870227,0.0,25.23872947692871,5
ie3mlcn4,1776538286.6546655,-1.7816442642360926,4.360052996315062,6.31981791742146,1157.848554290831,4.207694977521896,-3.4438494136556983,0.7164557913551107,-6.572419200092554,0.024148477514470537,0.0,,0.0,45.21897888183594,4922.7626953125,3745.96240234375,60694.4296875,746.9031982421875,0.9235464930534363,20.0,17.56989288330078,0.9059083461761475,32.0,32.0,0.9897748827934265,1962.252685546875,,230.8225860595703,10033.0,3499098112,1798.0016384124756,1900124,0.0,28.930766053051112,5
bf9di5z6,1776540105.4343934,-2.3712115129455924,3.097678629681468,2.6220981776714325,2016.2159848958254,1.5441695228219032,-0.28217280907556397,0.3653062086319551,-10.458425441756845,0.014294392665633274,0.0,,0.0,48.9781379699707,5672.56640625,4416.08154296875,87447.46875,908.2608642578125,0.8993377685546875,20.0,17.353260040283203,0.9061499238014221,24.119565963745117,10.47282600402832,0.6732844114303589,521.4891357421875,,246.57608032226562,10018.0,3499098112,1802.5450670719147,1936972,0.0,36.9846263492136,5
he7gn3yu,1776541936.7124395,-1.6997950384393334,4.153596987016499,1.7598864044994116,1442.8585335612297,1.0836665146052837,-4.241558082774281,0.20339187111239881,-13.587730070576072,0.01389583355765904,0.0,,0.45384615659713745,60.992279052734375,7894.09326171875,8771.376953125,173683.65625,1383.623046875,0.9623721241950989,19.853845596313477,2.307692289352417,0.6585292816162109,31.323076248168945,5.3230767250061035,0.5475584268569946,440.9076843261719,,276.53076171875,10103.0,3499098112,1811.4275147914886,1894087,0.0,37.98018818679188,5
wrudawse,1776543766.4357717,-2.1415351405739784,2.8824343625456095,4.179148014634848,1737.3995481058955,4.668196026235819,-2.5373190593905743,0.5336176938610152,-9.693276807665825,0.020934993311694027,0.0,,0.0,46.3337287902832,5147.0703125,3942.734130859375,57866.36328125,782.3297729492188,0.9082684516906738,20.0,17.45212745666504,0.9074257612228394,32.0,32.0,0.9896231293678284,2027.627685546875,,237.71807861328125,10092.0,3499098112,1814.3677566051483,1893027,0.0,30.57319584167261,5
nd5dggbm,1776545606.7004733,-1.7432879605351925,2.5,1.9524519636676216,700.0,2.3304927990174784,-0.09999999999999964,0.075,-12.533806408026699,0.01280455626887736,0.0,,0.06451612710952759,58.60976028442383,7434.5830078125,8168.39990234375,153243.296875,1286.7161865234375,0.9679379463195801,19.735483169555664,2.1935484409332275,0.551024854183197,29.380645751953125,3.5806450843811035,0.4490996301174164,288.6193542480469,,263.8774108886719,10081.0,3499098112,1820.1449646949768,1867947,4.7769004420982565e-05,40.365183555822576,5
bm7d5nmk,1776547438.574052,-2.1100680788690056,2.5,1.866930066162714,700.0,3.738218449277065,-0.09999999999999964,0.075,-12.1144421116582,0.008000000000000004,0.0,,0.0,52.17458724975586,6263.98095703125,7047.740234375,95687.21875,856.841796875,0.9093877077102661,19.293785095214844,8.10169506072998,0.7340192198753357,30.81355857849121,16.576271057128906,0.7042637467384338,66.43502807617188,,248.559326171875,10058.0,3499098112,1814.4474318027496,1875469,0.0,34.893893033766346,5
m9qjhajb,1776549277.8718224,-2.04818797583047,2.5,1.0,700.0,3.5542852913380454,-0.09999999999999964,0.075,-14.73164417892672,0.008000000000000004,0.0,,0.3758865296840668,59.79072189331055,7801.5888671875,8197.49609375,149317.34375,1200.8155517578125,0.8900054693222046,18.382978439331055,8.184396743774414,0.7137424945831299,29.078014373779297,0.1773049682378769,0.23369517922401428,92.90779876708984,,279.4326171875,10025.0,3499098112,1819.6082277297974,1845405,0.0,31.148617046914225,5
eb3533ou,1776551112.3562348,-1.8275437473800162,2.506874240088964,1.6245907313992873,700.0,2.9356585915425235,-0.09999999999999964,0.075,-11.449371759679249,0.01109832737895882,0.0,,0.21367521584033966,60.7757568359375,7852.509765625,8251.6240234375,179153.71875,1413.3846435546875,0.9504455924034119,19.829059600830078,1.6410256624221802,0.5878579616546631,30.957265853881836,2.4358973503112793,0.5540636777877808,139.64102172851562,,275.8290710449219,10065.0,3499098112,1814.1271753311157,1894574,0.0,32.09811274210612,5
j19e6u48,1776552922.3954623,-1.6271881568346627,2.5,3.048896525553019,700.0,2.809963149988322,-0.09999999999999964,0.075,-10.080281929472328,0.013203043477382237,0.0,,0.5714285969734192,61.17379379272461,7907.07568359375,10258.484375,172951.328125,1346.72216796875,0.9531651139259338,18.174602508544922,0.5158730149269104,0.48230698704719543,28.706348419189453,7.396825313568115,0.6244726181030273,753.1508178710938,,274.26983642578125,10081.0,3499098112,1789.70321726799,1784984,0.0,39.00992110364443,5
8mi9v41r,1776554764.8245764,-2.18640540592423,2.7836162692881765,1.4597587589396448,700.0,4.605358749807635,-0.15871965668215093,0.075,-13.733383886201182,0.009857238905430823,0.06040268391370773,,0.926174521446228,62.46999740600586,8137.45361328125,8592.6240234375,159248.09375,1247.617431640625,0.9597788453102112,19.16778564453125,4.986577033996582,0.6477230787277222,29.6845645904541,1.563758373260498,0.4450766146183014,212.1409454345703,,279.53021240234375,10032.0,3499098112,1822.578678369522,1880173,0.0,39.99800944214232,5
y1oxnaeh,1776556526.3044758,-2.1813643246140813,2.5,1.6386698136793827,700.0,4.83280709906288,-0.12780426923873645,0.13283696398612427,-14.761794455263667,0.010758991850327974,0.0,,0.0890410989522934,58.064144134521484,7412.60986328125,7934.5205078125,137666.65625,1147.356201171875,0.9212878346443176,16.828767776489258,4.958904266357422,0.5986032485961914,30.75342559814453,12.260273933410645,0.6273571848869324,256.58905029296875,,270.2054748535156,10071.0,3499098112,1741.8264079093933,1878311,1.547938688463873e-05,42.04639791127303,5
tw3r8kpw,1776558303.7583232,-2.0542892271398676,2.5391052045481146,1.1331524623441342,700.0,4.56101850888809,-0.09999999999999964,0.075,-12.440024915317363,0.009423891914922104,0.006451612804085016,,0.1548387110233307,53.389244079589844,6699.99658203125,7165.23876953125,99850.1171875,869.5870971679688,0.885150134563446,11.529032707214355,2.5741934776306152,0.5746687650680542,23.812902450561523,5.025806427001953,0.44968435168266296,155.70323181152344,,264.0129089355469,10022.0,3499098112,1759.0666613578796,1949921,0.0,31.011789541450337,5
tardinmz,1776560086.4572458,-1.8635719872529697,2.5,2.4726120806308836,700.0,2.734046105105048,-0.09999999999999964,0.075,-12.19713843986159,0.012725123024517684,0.0,,0.0,57.236167907714844,7118.33837890625,7540.73193359375,157411.03125,1318.0089111328125,0.9735624194145203,16.79464340209961,0.75,0.5746353268623352,32.0,8.071428298950195,0.627894401550293,35.90178680419922,,260.375,10048.0,3499098112,1763.4552483558655,1960050,0.0,39.377358871112335,5
tdjk83jt,1776561882.1669428,-2.1913982236920866,3.0256912588747187,1.3522464471127371,700.0,4.088241922443561,-0.09999999999999964,0.075,-14.164034268436671,0.009541405349004224,0.0,,0.12987013161182404,59.201236724853516,7584.16650390625,8624.681640625,161287.09375,1291.6883544921875,0.9316726326942444,19.045454025268555,2.3636362552642822,0.5055344104766846,29.33116912841797,0.6818181872367859,0.36332130432128906,71.2402572631836,,278.9545593261719,10033.0,3499098112,1775.5504796504974,2007975,0.0,33.20915590830558,5
xqr4gb08,1776563641.63693,-2.0050903936033944,2.5514094198068378,1.6812652061835796,700.0,3.197236300057562,-0.09999999999999964,0.075,-12.965231723735812,0.01031701166939002,0.018987340852618217,,0.7405063509941101,61.28581237792969,7924.2744140625,8537.58203125,179239.4375,1409.082275390625,0.9423699975013733,18.417720794677734,2.3481013774871826,0.5776795744895935,30.512659072875977,0.8607594966888428,0.35264351963996887,199.33544921875,,273.5,10101.0,3499098112,1739.0745787620544,1921317,0.0,42.700538468303726,5
6pfwhi64,1776565472.1240327,-2.2386765056492566,2.5,1.5320806413414938,965.2891283031995,4.873741930011868,-0.28549794615613067,0.075,-13.4608317280874,0.009719466974351111,0.0,,0.0,24.948284149169922,2560.33203125,3086.824951171875,2357.947265625,172.189453125,0.7296303510665894,6.429256439208984,4.769783973693848,0.8110176920890808,7.541966438293457,5.731414794921875,0.8104755878448486,126.59951782226562,,233.189453125,10229.0,3499098112,1817.838772058487,1848222,0.0,30.26289986534942,5
